[
  {
    "_id": "62f311559e1cd616abec978a",
    "surname": "Pacome",
    "name": "Kengali",
    "birthday": null,
    "email": "pacomekengafe@gmail.com",
    "username": "pacomekfp",
    "biography": "",
    "interest": ["musique", "sport"],
    "educations": [
      {
        "_id": "62f3116d9e1cd616abec978d",
        "diploma": "Baccalaureat",
        "domain": "Mathematiques et Sciences Physique",
        "school": "LCMG ",
        "startDate": null,
        "endDate": null,
        "date": "2022-08-10T02:00:14.254Z",
        "__v": 0
      },    
      {
        "_id": "62f311b362aa13f236b49272",
        "diploma": "probatoire",
        "domain": "Mathematiques et Sciences Physique",
        "school": "LCMG ",
        "startDate": null,
        "endDate": null,
        "date": "2022-08-10T02:02:19.972Z",
        "__v": 0
      },
      {
        "_id": "62f314c37fff8c6e3f8469be",
        "diploma": "BEPC",
        "domain": "",
        "school": "CJP2",
        "startDate": null,
        "endDate": null,
        "date": "2022-08-10T02:14:48.157Z",
        "__v": 0
      }
    ],
    "experiences": [
      {
        "_id": "62f312877b302cab9324fa39",
        "title": "Student",
        "employer": "LegionWeb",
        "employerUrl": "legionw.co",
        "employerContact": "236692397042",
        "domain": "info",
        "startDate": "",
        "endDate": "2022-12-02",
        "date": "2022-08-10T02:03:43.478Z",
        "__v": 0
      },
      {
        "_id": "62f31b4467eea08bd0d8c440",
        "title": "Student 2",
        "employer": "LegionWeb",
        "employerUrl": "legionw.co",
        "employerContact": "",
        "domain": "",
        "startDate": "",
        "endDate": "",
        "date": "2022-08-10T02:42:31.458Z",
        "__v": 0
      }
    ],
    "date": "2022-08-10T02:00:14.229Z",
    "__v": 0,
    "certificates": [
      {
        "_id": "62f31c392ae3fc310e749654",
        "name": "Elements d'algorithmique",
        "domain": "Informatique",
        "emitter": "Reamooc",
        "date": null,
        "__v": 0
      }
    ],
    "competences": [
      {
        "_id": "62f31c432ae3fc310e749657",
        "title": "battant",
        "domain": "Informatique",
        "date": "2022-08-10T02:47:15.037Z",
        "__v": 0
      },
      {
        "_id": "62f31d2474b576c221ab65cd",
        "title": "battant",
        "domain": "Informatique",
        "date": "2022-08-10T02:51:13.861Z",
        "__v": 0
      },
      {
        "_id": "62f31fc0270e574087091fba",
        "title": "ghjgj",
        "domain": "ghjghjg",
        "date": "2022-08-10T03:02:13.921Z",
        "__v": 0
      },
      {
        "_id": "62f3207a757bd9299cc6890d",
        "title": "ghjgj",
        "domain": "ghjghjg",
        "date": "2022-08-10T03:05:04.537Z",
        "__v": 0
      },
      {
        "_id": "62f320b211be8080224676a6",
        "title": "ghjgj",
        "domain": "ghjghjg",
        "date": "2022-08-10T03:06:25.177Z",
        "__v": 0
      },
      {
        "_id": "62f321acb80d262154b2978b",
        "title": "ghjgj",
        "domain": "ghjghjg",
        "date": "2022-08-10T03:10:20.982Z",
        "__v": 0
      },
      {
        "_id": "62f321f896e6dbe0dfe3e1fb",
        "title": "ghjgj",
        "domain": "ghjghjg",
        "date": "2022-08-10T03:11:41.857Z",
        "__v": 0
      },
      {
        "_id": "62f3221878e44db451dc4044",
        "title": "ghjgj",
        "domain": "ghjghjg",
        "date": "2022-08-10T03:12:18.625Z",
        "__v": 0
      },
      {
        "_id": "62f32238244cc0ab8848450a",
        "title": "ghjgj",
        "domain": "ghjghjg",
        "date": "2022-08-10T03:12:52.328Z",
        "__v": 0
      },
      {
        "_id": "62f322e6e752e37e3f76f353",
        "title": "ghjgj",
        "domain": "ghjghjg",
        "date": "2022-08-10T03:15:34.484Z",
        "__v": 0
      },
      {
        "_id": "62f3230d3d997967e5da5c8f",
        "title": "ghjgj",
        "domain": "ghjghjg",
        "date": "2022-08-10T03:16:16.130Z",
        "__v": 0
      },
      {
        "_id": "62f323264306b6f1a5b2e793",
        "title": "ghjgj",
        "domain": "ghjghjg",
        "date": "2022-08-10T03:16:42.618Z",
        "__v": 0
      },
      {
        "_id": "62f323a8f990e9ac5545c1fe",
        "title": "ghjgj",
        "domain": "ghjghjg",
        "date": "2022-08-10T03:17:34.880Z",
        "__v": 0
      },
      {
        "_id": "62f323b73651a244225f7b44",
        "title": "ghjgjqsd",
        "domain": "ghjghjg",
        "date": "2022-08-10T03:19:06.273Z",
        "__v": 0
      },
      {
        "_id": "62f323daa6a68e44b92dae0f",
        "title": "ghjgjqsd",
        "domain": "ghjghjg",
        "date": "2022-08-10T03:19:21.161Z",
        "__v": 0
      },
      {
        "_id": "62f323f5a6a68e44b92dae13",
        "title": "ghjgjqsd",
        "domain": "ghjghjg",
        "date": "2022-08-10T03:19:21.161Z",
        "__v": 0
      },
      {
        "_id": "62f3242674450e8f92cba7fc",
        "title": "ghjgjqsd",
        "domain": "ghjghjg",
        "date": "2022-08-10T03:20:23.889Z",
        "__v": 0
      },
      {
        "_id": "62f3244d6dcdb326883c0840",
        "title": "sdfsdf",
        "domain": "ghjghjg",
        "date": "2022-08-10T03:21:13.213Z",
        "__v": 0
      },
      {
        "_id": "62f324cba76e68c1819815ef",
        "title": "sdfsdf",
        "domain": "ghjghjg",
        "date": "2022-08-10T03:23:42.169Z",
        "__v": 0
      },
      {
        "_id": "62f324e1efbad2410b1a7c14",
        "title": "sdfsdf",
        "domain": "ghjghjg",
        "date": "2022-08-10T03:23:57.987Z",
        "__v": 0
      },
      {
        "_id": "62f32529f1fb4d55afc6cb3b",
        "title": "sdfsdf",
        "domain": "ghjghjg",
        "date": "2022-08-10T03:25:26.020Z",
        "__v": 0
      },
      {
        "_id": "62f32557c81d80cd16e081be",
        "title": "sdfsdf",
        "domain": "ghjghjg",
        "date": "2022-08-10T03:26:03.623Z",
        "__v": 0
      },
      {
        "_id": "62f32611ebb77cf2a9c5eae1",
        "title": "sdfsdf",
        "domain": "ghjghjg",
        "date": "2022-08-10T03:29:11.533Z",
        "__v": 0
      },
      {
        "_id": "62f3262eeb4228e2e7f08f9a",
        "title": "sdfsdf",
        "domain": "ghjghjg",
        "date": "2022-08-10T03:29:48.783Z",
        "__v": 0
      },
      {
        "_id": "62f326cf9c6d2e371779eaaf",
        "title": "sdfsdf",
        "domain": "ghjghjg",
        "date": "2022-08-10T03:32:31.352Z",
        "__v": 0
      },
      {
        "_id": "62f3275a640de307fa437d5d",
        "title": "sdfsdf qsd",
        "domain": "ghjghjg",
        "date": "2022-08-10T03:34:45.818Z",
        "__v": 0
      },
      {
        "_id": "62f327691498f1124acd97e4",
        "title": "sdfsdf qsd",
        "domain": "ghjghjg",
        "date": "2022-08-10T03:35:00.280Z",
        "__v": 0
      },
      {
        "_id": "62f327765119c10be1935ac2",
        "title": "sdfsdf qsd",
        "domain": "ghjghjg",
        "date": "2022-08-10T03:35:08.149Z",
        "__v": 0
      },
      {
        "_id": "62f3279318e73f1f5f4ea1ae",
        "title": "sdfsdf qsd",
        "domain": "ghjghjg",
        "date": "2022-08-10T03:35:42.330Z",
        "__v": 0
      },
      {
        "_id": "62f327ae649d941cd9622b8e",
        "title": "sdfsdf qsd",
        "domain": "ghjghjg",
        "date": "2022-08-10T03:36:07.919Z",
        "__v": 0
      },
      {
        "_id": "62f3297e83408a576a6888f7",
        "title": "sdfsdf qsd",
        "domain": "ghjghjg",
        "date": "2022-08-10T03:43:42.987Z",
        "__v": 0
      }
    ]
  }
]
